Фамилия;Имя, отчество;Login;Password;Role
Ефремов ;Сергей Пантелеймонович;loginDEppn2018;6}i+FD;Клиент
Родионова ;Тамара Валентиновна;loginDElqb2018;RNynil;Клиент
Миронова ;Галина Улебовна;loginDEydn2018;34I}X9;Менеджер
Сидоров ;Роман Иринеевич;loginDEijg2018;4QlKJW;Менеджер
Ситников ;Парфений Всеволодович;loginDEdpy2018;MJ0W|f;Менеджер
Никонов ;Роман Геласьевич;loginDEwdm2018;&PynqU;Менеджер
Щербаков ;Владимир Матвеевич;loginDEdup2018;JM+2{s;Клиент
Кулаков ;Мартын Михаилович;loginDEhbm2018;9aObu4;Менеджер
Сазонова ;Оксана Лаврентьевна;loginDExvq2018;hX0wJz;Администратор
Архипов ;Варлам Мэлорович;loginDErks2018;LQNSjo;Менеджер
Устинова ;Ираида Мэлоровна;loginDErvb2018;ceAf&R;Администратор
Лукин ;Георгий Альбертович;loginDEulo2018;#ИМЯ?;Администратор
Кононов ;Эдуард Валентинович;loginDEgfw2018;3c2Ic1;Клиент
Орехова ;Клавдия Альбертовна;loginDEmxb2018;ZPXcRS;Менеджер
Яковлев ;Яков Эдуардович;loginDEgeq2018;&&Eim0;Менеджер
Воронов ;Мэлс Семёнович;loginDEkhj2018;Pbc0t{;Клиент
Вишнякова ;Ия Данииловна;loginDEliu2018;32FyTl;Клиент
Третьяков ;Фёдор Вадимович;loginDEsmf2018;{{O2QG;Клиент
Макаров ;Максим Ильяович;loginDEutd2018;GbcJvC;Менеджер
Шубина ;Маргарита Анатольевна;loginDEpgh2018;YV2lvh;Менеджер
Блинова ;Ангелина Владленовна;loginDEvop2018;pBP8rO;Менеджер
Воробьёв ;Владлен Фролович;loginDEwjo2018;EQaD|d;Клиент
Сорокина ;Прасковья Фёдоровна;loginDEbur2018;aZKGeI;Менеджер
Давыдов ;Яков Антонович;loginDEszw2018;EGU{YE;Клиент
Рыбакова ;Евдокия Анатольевна;loginDExsu2018;*2RMsp;Клиент
Маслов ;Геннадий Фролович;loginDEztn2018;nJBZpU;Клиент
Цветкова ;Элеонора Аристарховна;loginDEtmn2018;UObB}N;Клиент
Евдокимов ;Ростислав Александрович;loginDEhep2018;SwRicr;Клиент
Никонова ;Венера Станиславовна;loginDEevr2018;zO5l}l;Клиент
Громов ;Егор Антонович;loginDEnpa2018;M*QLjf;Клиент
Суворова ;Валерия Борисовна;loginDEgyt2018;Pav+GP;Администратор
Мишина ;Елизавета Романовна;loginDEbrr2018;Z7L|+i;Клиент
Зимина ;Ольга Аркадьевна;loginDEyoo2018;UG1BjP;Администратор
Игнатьев ;Игнатий Антонинович;loginDEaob2018;3fy+3I;Администратор
Пахомова ;Зинаида Витальевна;loginDEwtz2018;&GxSST;Клиент
Устинов ;Владимир Федосеевич;loginDEctf2018;sjt*3N;Администратор
Кулаков ;Мэлор Вячеславович;loginDEipm2018;MAZl6|;Менеджер
Сазонов ;Авксентий Брониславович;loginDEjoi2018;o}C4jv;Клиент
Бурова ;Наина Брониславовна;loginDEwap2018;4hny7k;Менеджер
Фадеев ;Демьян Федосеевич;loginDEaxm2018;BEc3xq;Клиент
Бобылёва ;Дарья Якуновна;loginDEsmq2018;ATVmM7;Клиент
Виноградов ;Созон Арсеньевич;loginDEeur2018;n4V{wP;Клиент
Гордеев ;Владлен Ефимович;loginDEvke2018;WQLXSl;Клиент
Иванова ; Зинаида Валерьевна;loginDEvod2018;0EW93v;Менеджер
Гусев ;Руслан Дамирович;loginDEjaw2018;h6z&Ky;Клиент
Маслов ;Дмитрий Иванович;loginDEpdp2018;8NvRfC;Менеджер
Антонова ;Ульяна Семёновна;loginDEjpp2018;oMOQq3;Клиент
Орехова ;Людмила Владимировна;loginDEkiy2018;BQzsts;Менеджер
Авдеева ;Жанна Куприяновна;loginDEhmn2018;a|Iz|7;Менеджер
Кузнецов ;Фрол Варламович;loginDEfmn2018;cw3|03;Клиент
